{
  "discovered_file": "src\\experiments\\322\\DIffUCO\\run_cpu_probe_stable_v2\\inference_512_exclude44.json",
  "num_discovered_facets": 6,
  "matched_class_ids": [
    44
  ],
  "num_matched_classes": 1,
  "num_total_classes": 46,
  "coverage_ratio": 0.021739130434782608,
  "uncovered_class_ids": [
    1,
    2,
    3,
    4,
    5,
    6,
    7,
    8,
    9,
    10,
    11,
    12,
    13,
    14,
    15,
    16,
    17,
    18,
    19,
    20,
    21,
    22,
    23,
    24,
    25,
    26,
    27,
    28,
    29,
    30,
    31,
    32,
    33,
    34,
    35,
    36,
    37,
    38,
    39,
    40,
    41,
    42,
    43,
    45,
    46
  ],
  "class_hit_counter": {
    "44": 2
  },
  "matched_facets": [
    {
      "facet": 5,
      "cardinality": 56,
      "matched_classes": [
        44
      ],
      "tier": "exact_match",
      "recovered_integer_row": [
        1,
        -1,
        0,
        1,
        0,
        -1,
        0,
        -1,
        0,
        0,
        0,
        1,
        0,
        0,
        0,
        -1,
        0,
        0,
        0,
        1,
        0,
        0,
        0,
        0,
        0,
        0,
        0
      ],
      "direction_error": 2.6077030198754966e-08,
      "max_ratio_error": 7.884952235581721e-08,
      "indices": [
        0,
        1,
        2,
        3,
        4,
        5,
        6,
        7,
        8,
        9,
        10,
        11,
        12,
        13,
        14,
        15,
        16,
        17,
        18,
        19,
        20,
        21,
        22,
        23,
        24,
        25,
        26,
        27,
        28,
        29,
        30,
        31,
        32,
        33,
        36,
        37,
        40,
        41,
        42,
        43,
        44,
        45,
        46,
        47,
        48,
        49,
        52,
        53,
        56,
        57,
        58,
        59,
        60,
        61,
        62,
        63
      ]
    },
    {
      "facet": 6,
      "cardinality": 31,
      "matched_classes": [
        44
      ],
      "tier": "exact_match",
      "recovered_integer_row": [
        1,
        0,
        -1,
        1,
        0,
        1,
        0,
        0,
        0,
        -1,
        0,
        0,
        0,
        -1,
        0,
        1,
        0,
        0,
        0,
        0,
        0,
        -1,
        0,
        0,
        0,
        0,
        0
      ],
      "direction_error": 1.3976824428567818e-09,
      "max_ratio_error": 0.0,
      "indices": [
        2,
        3,
        6,
        7,
        8,
        9,
        10,
        11,
        12,
        13,
        14,
        15,
        18,
        19,
        22,
        23,
        24,
        25,
        29,
        31,
        32,
        33,
        36,
        40,
        57,
        58,
        59,
        60,
        61,
        62,
        63
      ]
    }
  ],
  "unmatched_facets": [
    {
      "facet": 1,
      "cardinality": 32,
      "tier": "unknown_supporting_face",
      "recovered_integer_row": [
        781,
        -781,
        0,
        781,
        0,
        -66,
        180,
        -781,
        0,
        0,
        0,
        66,
        -180,
        0,
        0,
        -66,
        180,
        0,
        0,
        66,
        0,
        0,
        0,
        -180,
        0,
        0,
        0
      ],
      "direction_error": 1.1940693443852927e-05,
      "max_ratio_error": 0.00042815835136700287,
      "indices": [
        1,
        2,
        3,
        6,
        7,
        8,
        9,
        10,
        11,
        12,
        13,
        14,
        15,
        16,
        18,
        19,
        22,
        23,
        24,
        25,
        26,
        28,
        29,
        30,
        46,
        57,
        58,
        59,
        60,
        61,
        62,
        63
      ]
    },
    {
      "facet": 2,
      "cardinality": 31,
      "tier": "unknown_supporting_face",
      "recovered_integer_row": [
        34200,
        -34200,
        0,
        13860,
        20295,
        3300,
        -5544,
        -13860,
        -20295,
        0,
        0,
        -3300,
        5544,
        0,
        0,
        3960,
        -9900,
        -660,
        4400,
        -3960,
        660,
        0,
        0,
        9900,
        -4400,
        0,
        0
      ],
      "direction_error": 0.0013959138960165497,
      "max_ratio_error": 0.008304300815930199,
      "indices": [
        0,
        1,
        2,
        3,
        5,
        6,
        7,
        8,
        9,
        10,
        11,
        12,
        13,
        14,
        15,
        17,
        18,
        19,
        22,
        23,
        24,
        25,
        26,
        28,
        29,
        30,
        38,
        60,
        61,
        62,
        63
      ]
    },
    {
      "facet": 3,
      "cardinality": 30,
      "tier": "unknown_supporting_face",
      "recovered_integer_row": [
        1,
        0,
        0,
        1,
        0,
        0,
        0,
        0,
        0,
        0,
        0,
        1,
        0,
        0,
        0,
        0,
        0,
        0,
        0,
        1,
        0,
        0,
        0,
        0,
        0,
        0,
        0
      ],
      "direction_error": 2.2448723555226687e-09,
      "max_ratio_error": 0.0,
      "indices": [
        2,
        3,
        6,
        8,
        9,
        10,
        11,
        12,
        13,
        14,
        15,
        18,
        19,
        22,
        23,
        24,
        25,
        26,
        28,
        32,
        33,
        40,
        56,
        57,
        58,
        59,
        60,
        61,
        62,
        63
      ]
    },
    {
      "facet": 4,
      "cardinality": 30,
      "tier": "unknown_supporting_face",
      "recovered_integer_row": [
        1,
        0,
        0,
        1,
        0,
        0,
        0,
        0,
        0,
        0,
        0,
        1,
        0,
        0,
        0,
        0,
        0,
        0,
        0,
        1,
        0,
        0,
        0,
        0,
        0,
        0,
        0
      ],
      "direction_error": 5.090708224978924e-09,
      "max_ratio_error": 0.0,
      "indices": [
        2,
        3,
        6,
        7,
        8,
        9,
        10,
        11,
        12,
        13,
        14,
        15,
        18,
        22,
        23,
        24,
        25,
        29,
        30,
        32,
        33,
        36,
        56,
        57,
        58,
        59,
        60,
        61,
        62,
        63
      ]
    }
  ]
}