{
  "checkpoint": "src\\experiments\\322\\DIffUCO\\run_cpu_probe_stable_v2\\geometric_diffuco_322.pt",
  "num_unique_facets": 3,
  "summary": {
    "candidate_supporting_faces": 3,
    "exact_matched_facets": 2,
    "matched_classes": [
      44
    ]
  },
  "results": [
    {
      "indices": [
        0,
        1,
        2,
        3,
        4,
        5,
        6,
        7,
        8,
        9,
        10,
        11,
        12,
        13,
        14,
        15,
        16,
        17,
        18,
        19,
        20,
        21,
        22,
        23,
        24,
        25,
        26,
        27,
        28,
        29,
        30,
        31,
        32,
        34,
        36,
        38,
        40,
        41,
        42,
        43,
        44,
        45,
        46,
        47,
        48,
        50,
        52,
        54,
        56,
        57,
        58,
        59,
        60,
        61,
        62,
        63
      ],
      "cardinality": 56,
      "valid": true,
      "plane_eigenvalue": -1.7029943677471238e-08,
      "normal": [
        0.37796449661254883,
        0.0,
        -0.37796449661254883,
        -3.99881342722999e-17,
        7.015226130833622e-17,
        0.37796449661254883,
        0.37796449661254883,
        -7.914266239304846e-17,
        -4.934150882724531e-17,
        -4.437562597273427e-17,
        2.6564334617517822e-17,
        -0.37796449661254883,
        -2.404528675652436e-17,
        -3.459446338347848e-17,
        -4.189187969874273e-18,
        0.37796449661254883,
        1.4263748627270474e-17,
        -7.830757393383943e-17,
        -8.08057933870088e-18,
        -2.0700439674600833e-17,
        2.6866234861584363e-18,
        1.584487955274721e-17,
        -0.37796449661254883,
        -1.0578211989943712e-16,
        -1.025555480645801e-17,
        -8.468976205060867e-17
      ],
      "offset": -0.3779645264148712,
      "support": {
        "positive": 0,
        "negative": 8,
        "closer_side": 0,
        "max_abs_distance": 3.0237159729003906
      },
      "validation_tier": "candidate_supporting_face",
      "tier": "exact_match",
      "matched_classes": [
        44
      ],
      "num_row_matches": 1,
      "recovered_integer_row": [
        1,
        -1,
        0,
        1,
        0,
        0,
        -1,
        -1,
        0,
        0,
        0,
        0,
        1,
        0,
        0,
        0,
        -1,
        0,
        0,
        0,
        0,
        0,
        0,
        1,
        0,
        0,
        0
      ],
      "direction_error": 2.6077030198754966e-08,
      "max_ratio_error": 7.884952235581721e-08
    },
    {
      "indices": [
        1,
        2,
        3,
        6,
        7,
        8,
        9,
        10,
        11,
        12,
        13,
        14,
        15,
        16,
        18,
        19,
        22,
        23,
        24,
        25,
        26,
        28,
        29,
        30,
        46,
        57,
        58,
        59,
        60,
        61,
        62,
        63
      ],
      "cardinality": 32,
      "valid": true,
      "plane_eigenvalue": -3.0367335534038544e-16,
      "normal": [
        0.5554648041725159,
        -1.1102230246251565e-16,
        -0.5554648041725159,
        -1.457167719820518e-16,
        0.04693898931145668,
        -0.1280268132686615,
        0.5554648041725159,
        9.71445146547012e-17,
        5.551115123125783e-17,
        -1.5612511283791264e-17,
        -0.04693898931145668,
        0.1280268132686615,
        -1.734723475976807e-17,
        1.8041124150158794e-16,
        0.04693898931145668,
        -0.1280268132686615,
        -2.0816681711721685e-17,
        -9.71445146547012e-17,
        -0.04693898931145668,
        -1.1796119636642288e-16,
        1.734723475976807e-17,
        9.71445146547012e-17,
        0.1280268132686615,
        7.632783294297951e-17,
        -6.938893903907228e-18,
        5.898059818321144e-17
      ],
      "offset": -0.5554648041725159,
      "support": {
        "positive": 0,
        "negative": 16,
        "closer_side": 0,
        "max_abs_distance": 2.921722412109375
      },
      "validation_tier": "candidate_supporting_face",
      "tier": "unknown_supporting_face",
      "matched_classes": [],
      "num_row_matches": 0,
      "recovered_integer_row": [
        781,
        -781,
        0,
        781,
        0,
        -66,
        180,
        -781,
        0,
        0,
        0,
        66,
        -180,
        0,
        0,
        -66,
        180,
        0,
        0,
        66,
        0,
        0,
        0,
        -180,
        0,
        0,
        0
      ],
      "direction_error": 1.1940693443852927e-05,
      "max_ratio_error": 0.00042815835136700287
    },
    {
      "indices": [
        2,
        3,
        6,
        7,
        8,
        9,
        10,
        11,
        12,
        13,
        14,
        15,
        18,
        19,
        22,
        23,
        24,
        25,
        29,
        31,
        32,
        33,
        36,
        40,
        57,
        58,
        59,
        60,
        61,
        62,
        63
      ],
      "cardinality": 31,
      "valid": true,
      "plane_eigenvalue": -6.286493459128906e-08,
      "normal": [
        0.0,
        -0.37796449661254883,
        0.37796449661254883,
        -1.0061396822409971e-16,
        0.37796449661254883,
        3.2612803995341934e-16,
        1.6653346692866328e-16,
        1.5612512607280244e-16,
        -0.37796449661254883,
        7.632783956042441e-17,
        -1.056548737388141e-09,
        -2.21827777725424e-16,
        -0.37796449661254883,
        2.498002070104398e-16,
        0.37796449661254883,
        2.3245297225067175e-16,
        -6.266689218710706e-17,
        -5.551115784870273e-17,
        -1.0565486263658386e-09,
        3.8163919780212206e-17,
        -0.37796449661254883,
        8.326673346433164e-17,
        -3.0878080519365126e-16,
        2.5326965396239344e-16,
        -1.706534351841082e-16,
        -9.71445212721461e-17
      ],
      "offset": 0.37796449661254883,
      "support": {
        "positive": 8,
        "negative": 0,
        "closer_side": 0,
        "max_abs_distance": 3.0237159729003906
      },
      "validation_tier": "candidate_supporting_face",
      "tier": "exact_match",
      "matched_classes": [
        44
      ],
      "num_row_matches": 1,
      "recovered_integer_row": [
        1,
        0,
        -1,
        1,
        0,
        1,
        0,
        0,
        0,
        -1,
        0,
        0,
        0,
        -1,
        0,
        1,
        0,
        0,
        0,
        0,
        0,
        -1,
        0,
        0,
        0,
        0,
        0
      ],
      "direction_error": 1.3976824428567818e-09,
      "max_ratio_error": 0.0
    }
  ]
}