{
  "checkpoint": "src\\experiments\\322\\DIffUCO\\run_cpu_probe_stable_v2\\geometric_diffuco_322.pt",
  "summary": {
    "raw_candidate_supporting_faces": 6,
    "filtered_candidate_supporting_faces": 3,
    "exact_matched_facets_after_filter": 0,
    "matched_classes_after_filter": [],
    "filtered_out_exact_matches": 3,
    "filter_classes": [
      44
    ],
    "unknown_cluster_count": 3
  },
  "filtered_out": [
    {
      "indices": [
        0,
        1,
        2,
        3,
        4,
        5,
        6,
        7,
        8,
        9,
        10,
        11,
        12,
        13,
        14,
        15,
        16,
        17,
        18,
        19,
        20,
        21,
        22,
        23,
        24,
        25,
        26,
        27,
        28,
        29,
        30,
        31,
        32,
        33,
        36,
        37,
        40,
        41,
        42,
        43,
        44,
        45,
        46,
        47,
        48,
        49,
        52,
        53,
        56,
        57,
        58,
        59,
        60,
        61,
        62,
        63
      ],
      "cardinality": 56,
      "valid": true,
      "plane_eigenvalue": -1.2772468416244465e-08,
      "normal": [
        0.37796449661254883,
        1.1102231569740545e-16,
        -0.37796449661254883,
        -4.73976343877457e-17,
        0.37796449661254883,
        -4.371257122860156e-17,
        0.37796449661254883,
        -7.179127006127329e-17,
        -7.572729981826601e-17,
        -4.2734119134347286e-17,
        -0.37796449661254883,
        -6.180303769491588e-17,
        2.289648674128214e-17,
        -4.474207360154016e-17,
        0.37796449661254883,
        -5.0110287179829646e-17,
        -3.8217388735007634e-17,
        -7.83008836970451e-17,
        -0.37796449661254883,
        -5.1456331720857587e-17,
        6.809004710168232e-17,
        -4.476707761709641e-17,
        -7.859929737482973e-17,
        -7.649264702566948e-17,
        -8.428295462535509e-17,
        -8.449283350781694e-17
      ],
      "offset": -0.3779645264148712,
      "support": {
        "positive": 0,
        "negative": 8,
        "closer_side": 0,
        "max_abs_distance": 3.0237159729003906
      },
      "validation_tier": "candidate_supporting_face",
      "tier": "exact_match",
      "matched_classes": [
        44
      ],
      "num_row_matches": 1,
      "recovered_integer_row": [
        1,
        -1,
        0,
        1,
        0,
        -1,
        0,
        -1,
        0,
        0,
        0,
        1,
        0,
        0,
        0,
        -1,
        0,
        0,
        0,
        1,
        0,
        0,
        0,
        0,
        0,
        0,
        0
      ],
      "direction_error": 2.6077030198754966e-08,
      "max_ratio_error": 7.884952235581721e-08,
      "is_new_class": false
    },
    {
      "indices": [
        0,
        1,
        2,
        3,
        4,
        5,
        6,
        7,
        8,
        9,
        10,
        11,
        12,
        13,
        14,
        15,
        16,
        17,
        18,
        19,
        20,
        21,
        22,
        23,
        24,
        25,
        26,
        27,
        28,
        29,
        30,
        31,
        32,
        34,
        36,
        38,
        40,
        41,
        42,
        43,
        44,
        45,
        46,
        47,
        48,
        50,
        52,
        54,
        56,
        57,
        58,
        59,
        60,
        61,
        62,
        63
      ],
      "cardinality": 56,
      "valid": true,
      "plane_eigenvalue": -1.7029943677471238e-08,
      "normal": [
        0.37796449661254883,
        0.0,
        -0.37796449661254883,
        -3.99881342722999e-17,
        7.015226130833622e-17,
        0.37796449661254883,
        0.37796449661254883,
        -7.914266239304846e-17,
        -4.934150882724531e-17,
        -4.437562597273427e-17,
        2.6564334617517822e-17,
        -0.37796449661254883,
        -2.404528675652436e-17,
        -3.459446338347848e-17,
        -4.189187969874273e-18,
        0.37796449661254883,
        1.4263748627270474e-17,
        -7.830757393383943e-17,
        -8.08057933870088e-18,
        -2.0700439674600833e-17,
        2.6866234861584363e-18,
        1.584487955274721e-17,
        -0.37796449661254883,
        -1.0578211989943712e-16,
        -1.025555480645801e-17,
        -8.468976205060867e-17
      ],
      "offset": -0.3779645264148712,
      "support": {
        "positive": 0,
        "negative": 8,
        "closer_side": 0,
        "max_abs_distance": 3.0237159729003906
      },
      "validation_tier": "candidate_supporting_face",
      "tier": "exact_match",
      "matched_classes": [
        44
      ],
      "num_row_matches": 1,
      "recovered_integer_row": [
        1,
        -1,
        0,
        1,
        0,
        0,
        -1,
        -1,
        0,
        0,
        0,
        0,
        1,
        0,
        0,
        0,
        -1,
        0,
        0,
        0,
        0,
        0,
        0,
        1,
        0,
        0,
        0
      ],
      "direction_error": 2.6077030198754966e-08,
      "max_ratio_error": 7.884952235581721e-08,
      "is_new_class": false
    },
    {
      "indices": [
        2,
        3,
        6,
        7,
        8,
        9,
        10,
        11,
        12,
        13,
        14,
        15,
        18,
        19,
        22,
        23,
        24,
        25,
        29,
        31,
        32,
        33,
        36,
        40,
        57,
        58,
        59,
        60,
        61,
        62,
        63
      ],
      "cardinality": 31,
      "valid": true,
      "plane_eigenvalue": -6.286493459128906e-08,
      "normal": [
        0.0,
        -0.37796449661254883,
        0.37796449661254883,
        -1.0061396822409971e-16,
        0.37796449661254883,
        3.2612803995341934e-16,
        1.6653346692866328e-16,
        1.5612512607280244e-16,
        -0.37796449661254883,
        7.632783956042441e-17,
        -1.056548737388141e-09,
        -2.21827777725424e-16,
        -0.37796449661254883,
        2.498002070104398e-16,
        0.37796449661254883,
        2.3245297225067175e-16,
        -6.266689218710706e-17,
        -5.551115784870273e-17,
        -1.0565486263658386e-09,
        3.8163919780212206e-17,
        -0.37796449661254883,
        8.326673346433164e-17,
        -3.0878080519365126e-16,
        2.5326965396239344e-16,
        -1.706534351841082e-16,
        -9.71445212721461e-17
      ],
      "offset": 0.37796449661254883,
      "support": {
        "positive": 8,
        "negative": 0,
        "closer_side": 0,
        "max_abs_distance": 3.0237159729003906
      },
      "validation_tier": "candidate_supporting_face",
      "tier": "exact_match",
      "matched_classes": [
        44
      ],
      "num_row_matches": 1,
      "recovered_integer_row": [
        1,
        0,
        -1,
        1,
        0,
        1,
        0,
        0,
        0,
        -1,
        0,
        0,
        0,
        -1,
        0,
        1,
        0,
        0,
        0,
        0,
        0,
        -1,
        0,
        0,
        0,
        0,
        0
      ],
      "direction_error": 1.3976824428567818e-09,
      "max_ratio_error": 0.0,
      "is_new_class": false
    }
  ],