{
  "checkpoint": "src\\experiments\\322\\DIffUCO\\run_cpu_probe_stable_v2\\geometric_diffuco_322.pt",
  "num_unique_facets": 8,
  "summary": {
    "candidate_supporting_faces": 8,
    "exact_matched_facets": 2,
    "matched_classes": [
      44
    ],
    "new_class_hits": 0
  },
  "results": [
    {
      "indices": [
        0,
        1,
        2,
        3,
        4,
        5,
        6,
        7,
        8,
        9,
        10,
        11,
        12,
        13,
        14,
        15,
        16,
        17,
        18,
        19,
        20,
        21,
        22,
        23,
        24,
        25,
        26,
        27,
        28,
        29,
        30,
        31,
        32,
        34,
        36,
        38,
        40,
        41,
        42,
        43,
        44,
        45,
        46,
        47,
        48,
        50,
        52,
        54,
        56,
        57,
        58,
        59,
        60,
        61,
        62,
        63
      ],
      "cardinality": 56,
      "valid": true,
      "plane_eigenvalue": -1.7029943677471238e-08,
      "normal": [
        0.37796449661254883,
        0.0,
        -0.37796449661254883,
        -3.99881342722999e-17,
        7.015226130833622e-17,
        0.37796449661254883,
        0.37796449661254883,
        -7.914266239304846e-17,
        -4.934150882724531e-17,
        -4.437562597273427e-17,
        2.6564334617517822e-17,
        -0.37796449661254883,
        -2.404528675652436e-17,
        -3.459446338347848e-17,
        -4.189187969874273e-18,
        0.37796449661254883,
        1.4263748627270474e-17,
        -7.830757393383943e-17,
        -8.08057933870088e-18,
        -2.0700439674600833e-17,
        2.6866234861584363e-18,
        1.584487955274721e-17,
        -0.37796449661254883,
        -1.0578211989943712e-16,
        -1.025555480645801e-17,
        -8.468976205060867e-17
      ],
      "offset": -0.3779645264148712,
      "support": {
        "positive": 0,
        "negative": 8,
        "closer_side": 0,
        "max_abs_distance": 3.0237159729003906
      },
      "validation_tier": "candidate_supporting_face",
      "tier": "exact_match",
      "matched_classes": [
        44
      ],
      "num_row_matches": 1,
      "recovered_integer_row": [
        1,
        -1,
        0,
        1,
        0,
        0,
        -1,
        -1,
        0,
        0,
        0,
        0,
        1,
        0,
        0,
        0,
        -1,
        0,
        0,
        0,
        0,
        0,
        0,
        1,
        0,
        0,
        0
      ],
      "direction_error": 2.6077030198754966e-08,
      "max_ratio_error": 7.884952235581721e-08,
      "is_new_class": false
    },
    {
      "indices": [
        2,
        3,
        6,
        7,
        8,
        9,
        10,
        11,
        12,
        13,
        14,
        15,
        18,
        19,
        22,
        23,
        24,
        25,
        29,
        31,
        32,
        33,
        36,
        40,
        57,
        58,
        59,
        60,
        61,
        62,
        63
      ],
      "cardinality": 31,
      "valid": true,
      "plane_eigenvalue": -6.286493459128906e-08,
      "normal": [
        0.0,
        -0.37796449661254883,
        0.37796449661254883,
        -1.0061396822409971e-16,
        0.37796449661254883,
        3.2612803995341934e-16,
        1.6653346692866328e-16,
        1.5612512607280244e-16,
        -0.37796449661254883,
        7.632783956042441e-17,
        -1.056548737388141e-09,
        -2.21827777725424e-16,
        -0.37796449661254883,
        2.498002070104398e-16,
        0.37796449661254883,
        2.3245297225067175e-16,
        -6.266689218710706e-17,
        -5.551115784870273e-17,
        -1.0565486263658386e-09,
        3.8163919780212206e-17,
        -0.37796449661254883,
        8.326673346433164e-17,
        -3.0878080519365126e-16,
        2.5326965396239344e-16,
        -1.706534351841082e-16,
        -9.71445212721461e-17
      ],
      "offset": 0.37796449661254883,
      "support": {
        "positive": 8,
        "negative": 0,
        "closer_side": 0,
        "max_abs_distance": 3.0237159729003906
      },
      "validation_tier": "candidate_supporting_face",
      "tier": "exact_match",
      "matched_classes": [
        44
      ],
      "num_row_matches": 1,
      "recovered_integer_row": [
        1,
        0,
        -1,
        1,
        0,
        1,
        0,
        0,
        0,
        -1,
        0,
        0,
        0,
        -1,
        0,
        1,
        0,
        0,
        0,
        0,
        0,
        -1,
        0,
        0,
        0,
        0,
        0
      ],
      "direction_error": 1.3976824428567818e-09,
      "max_ratio_error": 0.0,
      "is_new_class": false
    },
    {
      "indices": [
        2,
        3,
        6,
        7,
        8,
        9,
        10,
        11,
        12,
        13,
        14,
        15,
        18,
        19,
        22,
        23,
        24,
        25,
        26,
        27,
        30,
        31,
        32,
        33,
        36,
        37,
        40,
        44,
        56,
        57,
        58,
        59,
        60,
        61,
        62,
        63
      ],
      "cardinality": 36,
      "valid": true,
      "plane_eigenvalue": -1.3247039021280216e-07,
      "normal": [
        0.0,
        1.2622747291857195e-09,
        0.5773503184318542,
        3.434705934913058e-19,
        -1.262274840208022e-09,
        -6.565383476159114e-17,
        -2.6434508620377624e-16,
        2.809905078446298e-17,
        1.2622750622526269e-09,
        8.292326160422002e-17,
        0.5773503184318542,
        -7.182301394446062e-17,
        1.2622750622526269e-09,
        -6.001598346466652e-17,
        -1.2622749512303244e-09,
        -1.0087963216707214e-16,
        -9.680104941203448e-17,
        5.637851958669113e-17,
        0.5773503184318542,
        2.0851030221221827e-16,
        1.2622749512303244e-09,
        2.3557894734251375e-16,
        6.835356699250701e-17,
        -3.8163919780212206e-17,
        -1.2039527788925612e-16,
        -2.1510572425601388e-16
      ],
      "offset": 0.5773503184318542,
      "support": {
        "positive": 16,
        "negative": 0,
        "closer_side": 0,
        "max_abs_distance": 2.309401273727417
      },
      "validation_tier": "candidate_supporting_face",
      "tier": "unknown_supporting_face",
      "matched_classes": [],
      "num_row_matches": 0,
      "recovered_integer_row": [
        1,
        0,
        0,
        1,
        0,
        0,
        0,
        0,
        0,
        0,
        0,
        1,
        0,
        0,
        0,
        0,
        0,
        0,
        0,
        1,
        0,
        0,
        0,
        0,
        0,
        0,
        0
      ],
      "direction_error": 2.6776892655781534e-09,
      "max_ratio_error": 0.0,
      "is_new_class": false
    },
    {
      "indices": [
        2,
        3,
        6,
        7,
        8,
        9,
        10,
        11,
        12,
        13,
        14,
        15,
        18,
        19,
        22,
        23,
        24,
        25,
        26,
        27,
        28,
        29,
        30,
        32,
        33,
        40,
        42,
        44,
        45,
        56,
        57,
        58,
        59,
        61,
        62,
        63
      ],
      "cardinality": 36,
      "valid": true,
      "plane_eigenvalue": -4.0077100038615754e-07,