{
  "checkpoint": "src\\experiments\\322\\DIffUCO\\run_cpu_probe_stable_v2\\geometric_diffuco_322.pt",
  "num_unique_facets": 6,
  "summary": {
    "candidate_supporting_faces": 6,
    "exact_matched_facets": 2,
    "matched_classes": [
      44
    ],
    "new_class_hits": 0,
    "excluded_class_hits": 2,
    "excluded_classes": [
      44
    ]
  },
  "results": [
    {
      "indices": [
        1,
        2,
        3,
        6,
        7,
        8,
        9,
        10,
        11,
        12,
        13,
        14,
        15,
        16,
        18,
        19,
        22,
        23,
        24,
        25,
        26,
        28,
        29,
        30,
        46,
        57,
        58,
        59,
        60,
        61,
        62,
        63
      ],
      "cardinality": 32,
      "valid": true,
      "plane_eigenvalue": -3.0367335534038544e-16,
      "normal": [
        0.5554648041725159,
        -1.1102230246251565e-16,
        -0.5554648041725159,
        -1.457167719820518e-16,
        0.04693898931145668,
        -0.1280268132686615,
        0.5554648041725159,
        9.71445146547012e-17,
        5.551115123125783e-17,
        -1.5612511283791264e-17,
        -0.04693898931145668,
        0.1280268132686615,
        -1.734723475976807e-17,
        1.8041124150158794e-16,
        0.04693898931145668,
        -0.1280268132686615,
        -2.0816681711721685e-17,
        -9.71445146547012e-17,
        -0.04693898931145668,
        -1.1796119636642288e-16,
        1.734723475976807e-17,
        9.71445146547012e-17,
        0.1280268132686615,
        7.632783294297951e-17,
        -6.938893903907228e-18,
        5.898059818321144e-17
      ],
      "offset": -0.5554648041725159,
      "support": {
        "positive": 0,
        "negative": 16,
        "closer_side": 0,
        "max_abs_distance": 2.921722412109375
      },
      "validation_tier": "candidate_supporting_face",
      "tier": "unknown_supporting_face",
      "matched_classes": [],
      "num_row_matches": 0,
      "recovered_integer_row": [
        781,
        -781,
        0,
        781,
        0,
        -66,
        180,
        -781,
        0,
        0,
        0,
        66,
        -180,
        0,
        0,
        -66,
        180,
        0,
        0,
        66,
        0,
        0,
        0,
        -180,
        0,
        0,
        0
      ],
      "direction_error": 1.1940693443852927e-05,
      "max_ratio_error": 0.00042815835136700287,
      "is_new_class": false,
      "hits_excluded_class": false
    },
    {
      "indices": [
        0,
        1,
        2,
        3,
        5,
        6,
        7,
        8,
        9,
        10,
        11,
        12,
        13,
        14,
        15,
        17,
        18,
        19,
        22,
        23,
        24,
        25,
        26,
        28,
        29,
        30,
        38,
        60,
        61,
        62,
        63
      ],
      "cardinality": 31,
      "valid": true,
      "plane_eigenvalue": -2.0351666307760752e-07,
      "normal": [
        0.6543242335319519,
        0.0,
        -0.26571124792099,
        -0.3886130154132843,
        -0.06375079602003098,
        0.10574620962142944,
        0.26571124792099,
        0.3886130154132843,
        -8.326672684688674e-17,
        -4.163336342344337e-17,
        0.06375079602003098,
        -0.10574620962142944,
        -1.3877787807814457e-17,
        -6.938893903907228e-18,
        -0.07574613392353058,
        0.18996509909629822,
        0.011995336972177029,
        -0.08421889692544937,
        0.07574613392353058,
        -0.011995336972177029,
        -6.938893903907228e-18,
        2.7755575615628914e-17,
        -0.18996509909629822,
        0.08421889692544937,
        -2.7755575615628914e-17,
        -6.938893903907228e-18
      ],
      "offset": -0.6543242335319519,
      "support": {
        "positive": 0,
        "negative": 22,
        "closer_side": 0,
        "max_abs_distance": 3.2952849864959717
      },
      "validation_tier": "candidate_supporting_face",
      "tier": "unknown_supporting_face",
      "matched_classes": [],
      "num_row_matches": 0,
      "recovered_integer_row": [
        34200,
        -34200,
        0,
        13860,
        20295,
        3300,
        -5544,
        -13860,
        -20295,
        0,
        0,
        -3300,
        5544,
        0,
        0,
        3960,
        -9900,
        -660,
        4400,
        -3960,
        660,
        0,
        0,
        9900,
        -4400,
        0,
        0
      ],
      "direction_error": 0.0013959138960165497,
      "max_ratio_error": 0.008304300815930199,
      "is_new_class": false,
      "hits_excluded_class": false
    },
    {
      "indices": [
        2,
        3,
        6,
        8,
        9,
        10,
        11,
        12,
        13,
        14,
        15,
        18,
        19,
        22,
        23,
        24,
        25,
        26,
        28,
        32,
        33,
        40,
        56,
        57,
        58,
        59,
        60,
        61,
        62,
        63
      ],
      "cardinality": 30,
      "valid": true,
      "plane_eigenvalue": -1.954286403815786e-07,
      "normal": [
        -0.0,
        -1.0582428267014166e-09,
        0.5773503184318542,
        2.889768043099313e-17,
        1.058243159768324e-09,
        6.995491586651577e-17,
        2.0236814867432212e-16,
        1.443988151859037e-16,
        -1.058243159768324e-09,
        2.1920904302008933e-16,
        0.5773503184318542,
        -1.178336782031917e-16,
        -1.0582432707906264e-09,
        -4.186605098411576e-18,
        1.0582432707906264e-09,
        1.1762363553896857e-17,
        1.1042214322343903e-17,
        -1.9327147804195396e-16,
        0.5773503184318542,
        9.107397510551744e-17,
        -1.058242715679114e-09,
        3.5104804042921647e-16,
        1.6630079094851947e-17,
        7.42124144793262e-17,
        -1.0395588377793235e-16,
        -5.969776377429492e-17
      ],
      "offset": 0.5773503184318542,
      "support": {
        "positive": 16,
        "negative": 0,
        "closer_side": 0,
        "max_abs_distance": 2.309401273727417
      },
      "validation_tier": "candidate_supporting_face",
      "tier": "unknown_supporting_face",
      "matched_classes": [],
      "num_row_matches": 0,
      "recovered_integer_row": [
        1,
        0,
        0,
        1,
        0,
        0,
        0,
        0,
        0,
        0,
        0,
        1,
        0,
        0,
        0,
        0,
        0,
        0,
        0,
        1,
        0,
        0,
        0,
        0,
        0,
        0,
        0
      ],
      "direction_error": 2.2448723555226687e-09,
      "max_ratio_error": 0.0,
      "is_new_class": false,
      "hits_excluded_class": false
    },
    {
      "indices": [
        2,
        3,
        6,
        7,
        8,
        9,
        10,
        11,
        12,
        13,
        14,
        15,
        18,
        22,
        23,
        24,
        25,
        29,
        30,
        32,
        33,
        36,
        56,
        57,
        58,
        59,
        60,
        61,
        62,
        63
      ],
      "cardinality": 30,
      "valid": true,
      "plane_eigenvalue": -1.8789222622217494e-07,