{
  "checkpoint": "src\\experiments\\322\\DIffUCO\\run_cpu_probe_stable_v2\\geometric_diffuco_322.pt",
  "num_unique_facets": 4,
  "results": [
    {
      "indices": [
        1,
        2,
        3,
        6,
        7,
        8,
        9,
        10,
        11,
        12,
        13,
        14,
        15,
        16,
        18,
        19,
        22,
        23,
        24,
        25,
        26,
        28,
        29,
        30,
        46,
        57,
        58,
        59,
        60,
        61,
        62,
        63
      ],
      "cardinality": 32,
      "valid": true,
      "plane_eigenvalue": -3.0367335534038544e-16,
      "normal": [
        0.5554648041725159,
        -1.1102230246251565e-16,
        -0.5554648041725159,
        -1.457167719820518e-16,
        0.04693898931145668,
        -0.1280268132686615,
        0.5554648041725159,
        9.71445146547012e-17,
        5.551115123125783e-17,
        -1.5612511283791264e-17,
        -0.04693898931145668,
        0.1280268132686615,
        -1.734723475976807e-17,
        1.8041124150158794e-16,
        0.04693898931145668,
        -0.1280268132686615,
        -2.0816681711721685e-17,
        -9.71445146547012e-17,
        -0.04693898931145668,
        -1.1796119636642288e-16,
        1.734723475976807e-17,
        9.71445146547012e-17,
        0.1280268132686615,
        7.632783294297951e-17,
        -6.938893903907228e-18,
        5.898059818321144e-17
      ],
      "offset": -0.5554648041725159,
      "support": {
        "positive": 0,
        "negative": 16,
        "closer_side": 0,
        "max_abs_distance": 2.921722412109375
      }
    },
    {
      "indices": [
        2,
        3,
        6,
        7,
        8,
        9,
        10,
        11,
        12,
        13,
        14,
        15,
        18,
        19,
        22,
        23,
        24,
        25,
        29,
        31,
        32,
        33,
        36,
        40,
        57,
        58,
        59,
        60,
        61,
        62,
        63
      ],
      "cardinality": 31,
      "valid": true,
      "plane_eigenvalue": -6.286493459128906e-08,
      "normal": [
        0.0,
        -0.37796449661254883,
        0.37796449661254883,
        -1.0061396822409971e-16,
        0.37796449661254883,
        3.2612803995341934e-16,
        1.6653346692866328e-16,
        1.5612512607280244e-16,
        -0.37796449661254883,
        7.632783956042441e-17,
        -1.056548737388141e-09,
        -2.21827777725424e-16,
        -0.37796449661254883,
        2.498002070104398e-16,
        0.37796449661254883,
        2.3245297225067175e-16,
        -6.266689218710706e-17,
        -5.551115784870273e-17,
        -1.0565486263658386e-09,
        3.8163919780212206e-17,
        -0.37796449661254883,
        8.326673346433164e-17,
        -3.0878080519365126e-16,
        2.5326965396239344e-16,
        -1.706534351841082e-16,
        -9.71445212721461e-17
      ],
      "offset": 0.37796449661254883,
      "support": {
        "positive": 8,
        "negative": 0,
        "closer_side": 0,
        "max_abs_distance": 3.0237159729003906
      }
    },
    {
      "indices": [
        2,
        3,
        6,
        7,
        8,
        9,
        10,
        12,
        13,
        14,
        15,
        18,
        19,
        22,
        23,
        24,
        25,
        26,
        32,
        33,
        36,
        40,
        41,
        56,
        57,
        58,
        59,
        60,
        61,
        62,
        63
      ],
      "cardinality": 31,
      "valid": true,
      "plane_eigenvalue": -1.8561917158876895e-07,
      "normal": [
        -0.0,
        1.5359193084041323e-10,
        0.5773503184318542,
        -1.107156566832749e-16,
        -1.535919030848376e-10,
        -2.1221952566269386e-16,
        2.019013408761564e-16,
        -1.2771391552313542e-17,
        1.535918892070498e-10,
        -1.2671301871014013e-16,
        0.5773503184318542,
        -7.780098867437725e-17,
        1.53591875329262e-10,
        9.932419512578253e-17,
        -1.5359181981811076e-10,
        1.3331214652307998e-16,
        1.4184440204500115e-17,
        4.287382993980749e-16,
        0.5773503184318542,
        -8.216033638165011e-17,
        1.535917087958083e-10,
        -6.978881799951512e-17,
        -1.0696961376937335e-16,
        6.533625034592998e-17,
        2.1034649758829818e-16,
        6.493944353428217e-18
      ],
      "offset": 0.5773502588272095,
      "support": {
        "positive": 16,
        "negative": 0,
        "closer_side": 0,
        "max_abs_distance": 2.309401035308838
      }
    },
    {
      "indices": [
        2,
        3,
        6,
        7,
        8,
        9,
        10,
        11,
        12,
        13,
        14,
        15,
        18,
        22,
        23,
        24,
        25,
        29,
        30,
        32,
        33,
        36,
        56,
        57,
        58,
        59,
        60,
        61,
        62,
        63
      ],
      "cardinality": 30,
      "valid": true,
      "plane_eigenvalue": -1.8789222622217494e-07,
      "normal": [
        0.0,
        -2.3997830389532737e-09,
        -0.5773503184318542,
        3.0253785473503185e-16,
        2.3997832609978786e-09,
        -3.25377304064356e-16,
        7.460334665426366e-17,
        -4.1621703485528823e-16,
        -2.3997830389532737e-09,
        -8.251601081015811e-17,
        -0.5773503184318542,
        -1.6308449765995403e-17,
        -2.3997828169086688e-09,
        -1.7798060105010292e-16,
        2.3997830389532737e-09,
        -3.0803006930458794e-16,
        5.946537234428182e-17,
        8.777496706441915e-17,
        -0.5773503184318542,
        1.5471488239007303e-16,
        -2.3997832609978786e-09,
        -1.8247045800570195e-16,
        -1.203918632876875e-16,
        9.09563500224124e-17,
        -3.226381252443887e-17,
        -1.2912027311134705e-16
      ],
      "offset": -0.5773503184318542,
      "support": {
        "positive": 0,
        "negative": 16,
        "closer_side": 0,
        "max_abs_distance": 2.309401273727417
      }
    }
  ]
}