{
  "checkpoint": "src\\experiments\\322\\FacetExpansionV1\\run_prefern_repeatcap_10\\facet_expander_v1.pt",
  "summary": {
    "seed_index": 0,
    "seed_class_id": 1,
    "seed_example_id": 1,
    "seed_cardinality": 27,
    "rounds": 3,
    "num_candidates": 2,
    "exact_count": 2,
    "matched_classes": [
      1,
      44
    ],
    "canonical_count": 2,
    "round_summaries": [
      {
        "round": 1,
        "frontier_size": 1,
        "exact_count": 1,
        "matched_classes": [
          1
        ],
        "seen_exact_classes": [
          1
        ]
      },
      {
        "round": 2,
        "frontier_size": 1,
        "exact_count": 0,
        "matched_classes": [],
        "seen_exact_classes": [
          1
        ]
      },
      {
        "round": 3,
        "frontier_size": 1,
        "exact_count": 1,
        "matched_classes": [
          44
        ],
        "seen_exact_classes": [
          1,
          44
        ]
      }
    ]
  },
  "results": [
    {
      "indices": [
        0,
        1,
        5,
        7,
        8,
        10,
        14,
        15,
        18,
        19,
        20,
        21,
        28,
        29,
        32,
        33,
        38,
        41,
        43,
        46,
        47,
        50,
        51,
        52,
        54,
        57,
        59
      ],
      "cardinality": 27,
      "valid": true,
      "plane_eigenvalue": -5.5578119884103216e-08,
      "normal": [
        -0.1714985966682434,
        -0.1714985966682434,
        -0.1714985966682434,
        -0.1714985966682434,
        -7.511353180375167e-16,
        3.139849756215817e-16,
        6.678686044255197e-17,
        0.1714985966682434,
        0.1714985966682434,
        6.262352277671866e-16,
        -0.1714985966682434,
        -3.7730238911218005e-17,
        0.1714985966682434,
        -2.2768248269173553e-16,
        3.2439331647744253e-16,
        -0.1714985966682434,
        2.8622940000595277e-16,
        0.1714985966682434,
        3.443426364511758e-16,
        0.1714985966682434,
        -0.3429971933364868,
        -0.5144957900047302,
        0.3429971933364868,
        -0.3429971933364868,
        0.1714985966682434,
        -0.1714985966682434
      ],
      "offset": 1.0289915800094604,
      "support": {
        "positive": 37,
        "negative": 0,
        "closer_side": 0,
        "max_abs_distance": 2.7439775466918945
      },
      "validation_tier": "candidate_supporting_face",
      "tier": "exact_match",
      "matched_classes": [
        1
      ],
      "num_row_matches": 1,
      "recovered_integer_row": [
        6,
        -1,
        -1,
        -1,
        -1,
        0,
        0,
        0,
        1,
        1,
        0,
        -1,
        0,
        1,
        0,
        0,
        -1,
        0,
        1,
        0,
        1,
        -2,
        -3,
        2,
        -2,
        1,
        -1
      ],
      "canonical_integer_row": [
        6,
        -1,
        -1,
        -1,
        -1,
        0,
        0,
        0,
        1,
        1,
        0,
        -1,
        0,
        1,
        0,
        0,
        -1,
        0,
        1,
        0,
        1,
        -2,
        -3,
        2,
        -2,
        1,
        -1
      ],
      "canonical_key": "6,-1,-1,-1,-1,0,0,0,1,1,0,-1,0,1,0,0,-1,0,1,0,1,-2,-3,2,-2,1,-1",
      "orbit_size": 3072,
      "orbit_unique_rows": 3072,
      "direction_error": 8.421202728759513e-16,
      "max_ratio_error": 0.0,
      "hard_energy": 0.010435222648084164,
      "novelty_score": 0.4485580623149872,
      "round": 1,
      "parent_branch_id": 0,
      "distill_score": 10.304010391235352
    },
    {
      "indices": [
        0,
        1,
        5,
        6,
        7,
        8,
        10,
        14,
        15,
        18,
        19,
        20,
        21,
        28,
        29,
        32,
        33,
        37,
        38,
        41,
        46,
        47,
        50,
        51,
        52,
        54,
        57
      ],
      "cardinality": 27,
      "valid": true,
      "plane_eigenvalue": -1.8200739759777207e-07,
      "normal": [
        2.4352764745635795e-15,
        -0.37796449661254883,
        -0.37796449661254883,
        3.1433191502282113e-15,
        -0.37796449661254883,
        -4.37150342415935e-16,
        -2.3314685634710655e-15,
        -2.5673910091434705e-16,
        0.37796449661254883,
        -3.5110805271352944e-15,
        2.7547410916094065e-15,
        1.720845794048111e-15,
        0.37796449661254883,
        -1.0963453426964605e-15,
        0.37796449661254883,
        2.4147352903179523e-15,
        -2.7755578262606874e-16,
        -2.1094239585460342e-15,
        -2.685352152570334e-15,
        2.7755578262606874e-16,
        -0.37796449661254883,
        -1.2906343720058629e-15,
        -2.5118798049726535e-15,
        2.713107728185963e-15,
        8.482798326922179e-16,
        -1.243796838154489e-15
      ],
      "offset": 0.37796449661254883,
      "support": {
        "positive": 8,
        "negative": 0,
        "closer_side": 0,
        "max_abs_distance": 3.0237159729003906
      },
      "validation_tier": "candidate_supporting_face",
      "tier": "exact_match",
      "matched_classes": [
        44
      ],
      "num_row_matches": 1,
      "recovered_integer_row": [
        1,
        0,
        -1,
        -1,
        0,
        -1,
        0,
        0,
        0,
        1,
        0,
        0,
        0,
        1,
        0,
        1,
        0,
        0,
        0,
        0,
        0,
        -1,
        0,
        0,
        0,
        0,
        0
      ],
      "canonical_integer_row": [
        1,
        -1,
        0,
        -1,
        0,
        -1,
        0,
        1,
        0,
        0,
        0,
        1,
        0,
        0,
        0,
        1,
        0,
        0,
        0,
        -1,
        0,
        0,
        0,
        0,
        0,
        0,
        0
      ],
      "canonical_key": "1,-1,0,-1,0,-1,0,1,0,0,0,1,0,0,0,1,0,0,0,-1,0,0,0,0,0,0,0",
      "orbit_size": 64,
      "orbit_unique_rows": 64,
      "direction_error": 8.40999367221729e-15,
      "max_ratio_error": 0.0,
      "hard_energy": 0.011396247893571854,
      "novelty_score": 0.4422808885574341,
      "round": 3,
      "parent_branch_id": 1,
      "distill_score": 10.981928825378418
    }
  ]
}