{
  "checkpoint": "src\\experiments\\322\\DIffUCO\\run_cpu_probe_soft_ratio\\geometric_diffuco_322.pt",
  "summary": {
    "raw_candidate_supporting_faces": 7,
    "filtered_candidate_supporting_faces": 7,
    "exact_matched_facets_after_filter": 5,
    "matched_classes_after_filter": [
      44
    ],
    "filtered_out_exact_matches": 0,
    "filter_classes": [],
    "unknown_cluster_count": 2
  },
  "filtered_out": [],
  "unknown_clusters": [
    {
      "recovered_integer_row": [
        1309,
        -1309,
        0,
        -882,
        -429,
        -231,
        -165,
        882,
        429,
        0,
        0,
        231,
        165,
        0,
        0,
        -198,
        165,
        429,
        0,
        198,
        -429,
        0,
        0,
        -165,
        0,
        0,
        0
      ],
      "count": 1,
      "cardinalities": [
        32
      ],
      "best_direction_error": 0.0014577141342060145,
      "best_max_ratio_error": 0.006516784842712786,
      "example_indices": [
        1,
        2,
        3,
        6,
        7,
        8,
        9,
        10,
        11,
        12,
        13,
        14,
        17,
        18,
        19,
        21,
        22,
        23,
        24,
        25,
        26,
        27,
        28,
        29,
        30,
        31,
        32,
        33,
        34,
        35,
        52,
        53
      ]
    },
    {
      "recovered_integer_row": [
        1276,
        -1276,
        0,
        588,
        693,
        -968,
        -308,
        -588,
        -693,
        0,
        0,
        968,
        308,
        0,
        0,
        -280,
        -308,
        -693,
        0,
        280,
        693,
        0,
        0,
        308,
        0,
        0,
        0
      ],
      "count": 1,
      "cardinalities": [
        33
      ],
      "best_direction_error": 0.0023954631502892793,
      "best_max_ratio_error": 0.011405250341972817,
      "example_indices": [
        2,
        3,
        4,
        5,
        6,
        7,
        8,
        9,
        10,
        11,
        12,
        13,
        14,
        15,
        18,
        19,
        20,
        21,
        22,
        23,
        24,
        25,
        26,
        28,
        31,
        32,
        36,
        48,
        57,
        60,
        61,
        62,
        63
      ]
    }
  ],
  "results": [
    {
      "indices": [
        0,
        1,
        2,
        3,
        4,
        5,
        6,
        7,
        8,
        9,
        10,
        11,
        12,
        13,
        14,
        15,
        16,
        17,
        18,
        19,
        20,
        21,
        22,
        23,
        24,
        25,
        26,
        27,
        28,
        29,
        30,
        31,
        32,
        33,
        34,
        35,
        36,
        37,
        40,
        41,
        42,
        43,
        44,
        45,
        48,
        49,
        50,
        51,
        52,
        53,
        56,
        57,
        58,
        59,
        60,
        61
      ],
      "cardinality": 56,
      "valid": true,
      "plane_eigenvalue": 2.554481781658069e-08,
      "normal": [
        0.37796449661254883,
        0.0,
        -5.141301061781696e-17,
        0.37796449661254883,
        0.37796449661254883,
        -1.2487793713275502e-18,
        -6.186019256652084e-17,
        -0.37796449661254883,
        -2.686394605282943e-17,
        -6.887893256059659e-17,
        -0.37796449661254883,
        -9.992580854837602e-18,
        -3.626172035433424e-18,
        -2.031047860970251e-17,
        6.561778953921853e-18,
        2.728690738486798e-19,
        -0.37796449661254883,
        -1.68329203246622e-17,
        -4.447726000023743e-17,
        0.37796449661254883,
        -7.25604487692741e-18,
        -1.0535794292209085e-18,
        -3.0608954990965284e-17,
        -7.520954431181192e-18,
        -3.1268641455643674e-17,
        -3.943726259002225e-18
      ],
      "offset": -0.3779645264148712,
      "support": {
        "positive": 0,
        "negative": 8,
        "closer_side": 0,
        "max_abs_distance": 3.0237159729003906
      },
      "validation_tier": "candidate_supporting_face",
      "tier": "exact_match",
      "matched_classes": [
        44
      ],
      "num_row_matches": 1,
      "recovered_integer_row": [
        1,
        -1,
        0,
        0,
        -1,
        -1,
        0,
        0,
        1,
        0,
        0,
        1,
        0,
        0,
        0,
        0,
        0,
        1,
        0,
        0,
        -1,
        0,
        0,
        0,
        0,
        0,
        0
      ],
      "direction_error": 2.6077030198754966e-08,
      "max_ratio_error": 7.884952235581721e-08,
      "is_new_class": false
    },
    {
      "indices": [
        0,
        1,
        2,
        3,
        4,
        5,
        6,
        7,
        8,
        9,
        10,
        11,
        12,
        13,
        14,
        15,
        16,
        17,
        18,
        19,
        20,
        21,
        22,
        23,
        24,
        25,
        26,
        27,
        28,
        29,
        30,
        31,
        32,
        33,
        36,
        37,
        38,
        39,
        40,
        41,
        44,
        45,
        46,
        47,
        48,
        49,
        52,
        53,
        54,
        55,
        56,
        57,
        60,
        61,
        62,
        63
      ],
      "cardinality": 56,
      "valid": true,
      "plane_eigenvalue": 2.9802292189629043e-08,
      "normal": [
        0.37796449661254883,
        0.0,
        -4.542192011210769e-17,
        -0.37796449661254883,
        0.37796449661254883,
        -9.72632051464352e-18,
        -4.471210319358614e-17,
        0.37796449661254883,
        -5.572815710187744e-17,
        -6.057607076614862e-17,
        -0.37796449661254883,
        -4.706904185249268e-17,
        2.0279613192325706e-17,
        -8.947830234487202e-18,
        8.425044642728175e-18,
        -3.462880461378923e-17,
        0.37796449661254883,
        -4.238378498387393e-17,
        -5.132176349726562e-18,
        -0.37796449661254883,
        -1.0864605409938967e-17,
        -6.777053039211023e-17,
        -2.288415844143265e-17,
        -5.915354510568403e-17,
        -5.032139028959808e-17,
        -6.346567734359236e-17
      ],
      "offset": -0.3779645264148712,
      "support": {
        "positive": 0,
        "negative": 8,
        "closer_side": 0,
        "max_abs_distance": 3.0237159729003906
      },
      "validation_tier": "candidate_supporting_face",
      "tier": "exact_match",
      "matched_classes": [
        44
      ],
      "num_row_matches": 1,
      "recovered_integer_row": [
        1,
        -1,
        0,
        0,
        1,
        -1,
        0,
        0,
        -1,
        0,
        0,
        1,
        0,
        0,
        0,
        0,
        0,
        -1,
        0,
        0,
        1,
        0,
        0,
        0,
        0,
        0,
        0
      ],
      "direction_error": 2.6077030198754966e-08,
      "max_ratio_error": 7.884952235581721e-08,