{
  "checkpoint": "src\\experiments\\322\\FacetExpansionV1\\tmp_iter2_feature_novelty\\facet_expander_v1.pt",
  "summary": {
    "seed_index": 1,
    "seed_class_id": 1,
    "seed_example_id": 2,
    "seed_cardinality": 27,
    "rounds": 4,
    "num_candidates": 5,
    "exact_count": 5,
    "matched_classes": [
      44
    ],
    "canonical_count": 1,
    "round_summaries": [
      {
        "round": 1,
        "frontier_size": 1,
        "exact_count": 1,
        "matched_classes": [
          44
        ],
        "seen_exact_classes": [
          44
        ]
      },
      {
        "round": 2,
        "frontier_size": 1,
        "exact_count": 1,
        "matched_classes": [
          44
        ],
        "seen_exact_classes": [
          44
        ]
      },
      {
        "round": 3,
        "frontier_size": 1,
        "exact_count": 2,
        "matched_classes": [
          44
        ],
        "seen_exact_classes": [
          44
        ]
      },
      {
        "round": 4,
        "frontier_size": 1,
        "exact_count": 1,
        "matched_classes": [
          44
        ],
        "seen_exact_classes": [
          44
        ]
      }
    ]
  },
  "results": [
    {
      "indices": [
        0,
        1,
        3,
        5,
        8,
        10,
        12,
        17,
        18,
        19,
        20,
        21,
        26,
        28,
        29,
        30,
        32,
        38,
        41,
        42,
        43,
        44,
        46,
        47,
        48,
        52,
        54,
        57,
        59
      ],
      "cardinality": 29,
      "valid": true,
      "plane_eigenvalue": 9.579206761145542e-09,
      "normal": [
        -0.37796449661254883,
        5.551115652521375e-16,
        0.37796449661254883,
        7.320533598017718e-16,
        -5.134782018286941e-16,
        -0.37796449661254883,
        -0.37796449661254883,
        -1.5612512342582448e-15,
        -8.187895336006122e-16,
        -5.41233777444323e-16,
        2.914335704338832e-16,
        0.37796449661254883,
        -1.5265567912084883e-16,
        -5.065393079247869e-16,
        5.689893530599519e-16,
        -0.37796449661254883,
        7.494005945615399e-16,
        -1.1379787061199039e-15,
        -5.551115784870273e-17,
        1.7347236414129296e-17,
        5.551115784870273e-17,
        1.0061397219456665e-15,
        0.37796449661254883,
        1.3322677354293063e-15,
        -5.065393079247869e-16,
        4.2674200156007415e-16
      ],
      "offset": 0.37796449661254883,
      "support": {
        "positive": 8,
        "negative": 0,
        "closer_side": 0,
        "max_abs_distance": 3.0237159729003906
      },
      "validation_tier": "candidate_supporting_face",
      "tier": "exact_match",
      "matched_classes": [
        44
      ],
      "num_row_matches": 1,
      "recovered_integer_row": [
        1,
        -1,
        0,
        1,
        0,
        0,
        -1,
        -1,
        0,
        0,
        0,
        0,
        1,
        0,
        0,
        0,
        -1,
        0,
        0,
        0,
        0,
        0,
        0,
        1,
        0,
        0,
        0
      ],
      "canonical_integer_row": [
        1,
        -1,
        0,
        -1,
        0,
        -1,
        0,
        1,
        0,
        0,
        0,
        1,
        0,
        0,
        0,
        1,
        0,
        0,
        0,
        -1,
        0,
        0,
        0,
        0,
        0,
        0,
        0
      ],
      "canonical_key": "1,-1,0,-1,0,-1,0,1,0,0,0,1,0,0,0,1,0,0,0,-1,0,0,0,0,0,0,0",
      "orbit_size": 64,
      "orbit_unique_rows": 64,
      "direction_error": 3.0000620042064814e-15,
      "max_ratio_error": 0.0,
      "hard_energy": 0.006835753098130226,
      "novelty_score": 0.29271841049194336,
      "round": 1,
      "parent_branch_id": 0
    },
    {
      "indices": [
        0,
        1,
        5,
        8,
        10,
        12,
        13,
        16,
        17,
        19,
        20,
        21,
        26,
        28,
        29,
        30,
        32,
        33,
        39,
        41,
        42,
        43,
        46,
        47,
        50,
        51,
        54,
        55,
        57,
        62
      ],
      "cardinality": 30,
      "valid": true,
      "plane_eigenvalue": -1.5646240569822112e-07,
      "normal": [
        0.37796449661254883,
        2.498002017164839e-15,
        4.4408925220171e-15,
        0.37796449661254883,
        -0.37796449661254883,
        -2.5396353805882824e-15,
        1.5765539432415778e-15,
        -0.37796449661254883,
        5.946632499164968e-15,
        1.5031379978130218e-15,
        0.37796449661254883,
        1.8630932249573276e-15,
        1.095477980958472e-15,
        6.897260964000259e-15,
        8.326673346433164e-17,
        6.6197052078439695e-15,
        0.37796449661254883,
        -2.1094239585460342e-15,
        -2.553513168396097e-15,
        -0.37796449661254883,
        -6.4392939663423816e-15,
        6.166942486493141e-16,
        -1.6514568550090388e-15,
        1.3392066293332135e-15,
        -2.8949006921827596e-15,
        -1.5890068098738737e-15
      ],
      "offset": -0.37796449661254883,
      "support": {
        "positive": 0,
        "negative": 8,
        "closer_side": 0,
        "max_abs_distance": 3.0237159729003906
      },
      "validation_tier": "candidate_supporting_face",
      "tier": "exact_match",
      "matched_classes": [
        44
      ],
      "num_row_matches": 1,
      "recovered_integer_row": [
        1,
        -1,
        0,
        0,
        -1,
        1,
        0,
        0,
        1,
        0,
        0,
        -1,
        0,
        0,
        0,
        0,
        0,
        -1,
        0,
        0,
        1,
        0,
        0,
        0,
        0,
        0,
        0
      ],
      "canonical_integer_row": [
        1,
        -1,
        0,
        -1,
        0,
        -1,
        0,
        1,
        0,
        0,
        0,
        1,
        0,
        0,
        0,
        1,
        0,
        0,
        0,
        -1,
        0,
        0,
        0,
        0,
        0,
        0,
        0
      ],
      "canonical_key": "1,-1,0,-1,0,-1,0,1,0,0,0,1,0,0,0,1,0,0,0,-1,0,0,0,0,0,0,0",
      "orbit_size": 64,
      "orbit_unique_rows": 64,
      "direction_error": 1.439537232185418e-14,
      "max_ratio_error": 0.0,
      "hard_energy": 0.005531103350222111,
      "novelty_score": 0.29258447885513306,
      "round": 2,
      "parent_branch_id": 1
    },
    {
      "indices": [
        0,
        1,
        2,
        3,
        4,
        5,
        10,
        12,
        13,
        14,
        16,
        17,
        19,
        20,
        21,
        24,
        26,
        28,
        29,
        30,
        32,
        33,
        35,
        38,
        42,
        46,
        47,
        50,
        54,
        55,
        57,
        58,
        62
      ],
      "cardinality": 33,
      "valid": true,
      "plane_eigenvalue": -1.0537262085108523e-07,