{
  "checkpoint": "src\\experiments\\322\\FacetExpansionV1\\tmp_iter2_feature_novelty\\facet_expander_v1.pt",
  "summary": {
    "seed_index": 3,
    "seed_class_id": 2,
    "seed_example_id": 1,
    "seed_cardinality": 29,
    "rounds": 4,
    "num_candidates": 5,
    "exact_count": 5,
    "matched_classes": [
      44
    ],
    "canonical_count": 1,
    "round_summaries": [
      {
        "round": 1,
        "frontier_size": 1,
        "exact_count": 1,
        "matched_classes": [
          44
        ],
        "seen_exact_classes": [
          44
        ]
      },
      {
        "round": 2,
        "frontier_size": 1,
        "exact_count": 1,
        "matched_classes": [
          44
        ],
        "seen_exact_classes": [
          44
        ]
      },
      {
        "round": 3,
        "frontier_size": 1,
        "exact_count": 1,
        "matched_classes": [
          44
        ],
        "seen_exact_classes": [
          44
        ]
      },
      {
        "round": 4,
        "frontier_size": 1,
        "exact_count": 2,
        "matched_classes": [
          44
        ],
        "seen_exact_classes": [
          44
        ]
      }
    ]
  },
  "results": [
    {
      "indices": [
        0,
        1,
        3,
        4,
        5,
        7,
        8,
        10,
        16,
        18,
        19,
        23,
        24,
        30,
        34,
        35,
        36,
        38,
        41,
        44,
        45,
        54,
        55,
        61,
        62,
        63
      ],
      "cardinality": 26,
      "valid": true,
      "plane_eigenvalue": 1.1761267160181887e-07,
      "normal": [
        0.37796446681022644,
        2.7200464103316335e-15,
        -0.37796446681022644,
        -1.3461454173580023e-14,
        -1.339206523454095e-14,
        -0.37796446681022644,
        -0.37796446681022644,
        9.006684287271582e-15,
        -8.749945212827015e-15,
        5.870304242705515e-15,
        1.6514567491299204e-14,
        -0.37796446681022644,
        -1.2663481374630692e-15,
        -5.731526364627371e-15,
        1.915134717478395e-15,
        0.37796446681022644,
        -1.5917822615563182e-14,
        -2.275957200481571e-15,
        2.9282132274488504e-15,
        9.672818102046676e-15,
        -2.858824288409778e-15,
        7.369105325949477e-15,
        0.37796449661254883,
        7.605027718682322e-15,
        9.56179579958416e-15,
        -7.313594174718219e-15
      ],
      "offset": 0.37796446681022644,
      "support": {
        "positive": 8,
        "negative": 0,
        "closer_side": 0,
        "max_abs_distance": 3.0237159729003906
      },
      "validation_tier": "candidate_supporting_face",
      "tier": "exact_match",
      "matched_classes": [
        44
      ],
      "num_row_matches": 1,
      "recovered_integer_row": [
        1,
        1,
        0,
        -1,
        0,
        0,
        -1,
        -1,
        0,
        0,
        0,
        0,
        -1,
        0,
        0,
        0,
        1,
        0,
        0,
        0,
        0,
        0,
        0,
        1,
        0,
        0,
        0
      ],
      "canonical_integer_row": [
        1,
        -1,
        0,
        -1,
        0,
        -1,
        0,
        1,
        0,
        0,
        0,
        1,
        0,
        0,
        0,
        1,
        0,
        0,
        0,
        -1,
        0,
        0,
        0,
        0,
        0,
        0,
        0
      ],
      "canonical_key": "1,-1,0,-1,0,-1,0,1,0,0,0,1,0,0,0,1,0,0,0,-1,0,0,0,0,0,0,0",
      "orbit_size": 64,
      "orbit_unique_rows": 64,
      "direction_error": 2.6077032275817174e-08,
      "max_ratio_error": 7.884952857306615e-08,
      "hard_energy": 0.010352160781621933,
      "novelty_score": 0.2926631271839142,
      "round": 1,
      "parent_branch_id": 0
    },
    {
      "indices": [
        0,
        3,
        5,
        7,
        8,
        9,
        10,
        13,
        15,
        16,
        18,
        20,
        24,
        26,
        29,
        30,
        34,
        35,
        36,
        37,
        38,
        41,
        45,
        54,
        55,
        61,
        62,
        63
      ],
      "cardinality": 28,
      "valid": true,
      "plane_eigenvalue": -3.345166987855919e-08,
      "normal": [
        1.1640866967740048e-15,
        -0.37796449661254883,
        -5.273559896365086e-16,
        0.37796449661254883,
        -4.440892627896218e-16,
        -0.37796449661254883,
        -5.377643106400347e-17,
        -3.0531135824169765e-16,
        1.082467554888646e-15,
        -0.37796449661254883,
        1.0234869170007652e-16,
        7.736867232252152e-16,
        7.21645018945911e-16,
        0.37796449661254883,
        -1.1657342817355328e-15,
        7.771561701771688e-16,
        1.3010427393315033e-16,
        -0.37796449661254883,
        7.632783823693543e-16,
        -1.5984205222914212e-16,
        3.8163919780212206e-17,
        -6.106227164833953e-16,
        5.828671408677664e-16,
        -2.498002070104398e-16,
        -4.718448384052507e-16,
        0.37796449661254883
      ],
      "offset": 0.3779645264148712,
      "support": {
        "positive": 8,
        "negative": 0,
        "closer_side": 0,
        "max_abs_distance": 3.0237159729003906
      },
      "validation_tier": "candidate_supporting_face",
      "tier": "exact_match",
      "matched_classes": [
        44
      ],
      "num_row_matches": 1,
      "recovered_integer_row": [
        1,
        0,
        -1,
        0,
        1,
        0,
        -1,
        0,
        0,
        0,
        -1,
        0,
        0,
        0,
        1,
        0,
        0,
        0,
        -1,
        0,
        0,
        0,
        0,
        0,
        0,
        0,
        1
      ],
      "canonical_integer_row": [
        1,
        -1,
        0,
        -1,
        0,
        -1,
        0,
        1,
        0,
        0,
        0,
        1,
        0,
        0,
        0,
        1,
        0,
        0,
        0,
        -1,
        0,
        0,
        0,
        0,
        0,
        0,
        0
      ],
      "canonical_key": "1,-1,0,-1,0,-1,0,1,0,0,0,1,0,0,0,1,0,0,0,-1,0,0,0,0,0,0,0",
      "orbit_size": 64,
      "orbit_unique_rows": 64,
      "direction_error": 2.6077030198755095e-08,
      "max_ratio_error": 7.884952235581721e-08,
      "hard_energy": 0.012533726170659065,
      "novelty_score": 0.29266786575317383,
      "round": 2,
      "parent_branch_id": 1
    },
    {
      "indices": [
        0,
        1,
        3,
        5,
        6,
        7,
        8,
        9,
        13,
        15,
        16,
        18,
        20,
        24,
        26,
        28,
        29,
        30,
        32,
        35,
        37,
        38,
        41,
        43,
        45,
        47,
        55,
        61,
        62,
        63
      ],
      "cardinality": 30,
      "valid": true,
      "plane_eigenvalue": 1.5114022744455724e-07,