{
  "checkpoint": "src\\experiments\\322\\FacetExpansionV1\\tmp_iter2_feature_novelty\\facet_expander_v1.pt",
  "summary": {
    "seed_index": 0,
    "seed_class_id": 1,
    "seed_example_id": 1,
    "seed_cardinality": 27,
    "rounds": 4,
    "num_candidates": 5,
    "exact_count": 5,
    "matched_classes": [
      44
    ],
    "canonical_count": 1,
    "round_summaries": [
      {
        "round": 1,
        "frontier_size": 1,
        "exact_count": 0,
        "matched_classes": [],
        "seen_exact_classes": []
      },
      {
        "round": 2,
        "frontier_size": 1,
        "exact_count": 1,
        "matched_classes": [
          44
        ],
        "seen_exact_classes": [
          44
        ]
      },
      {
        "round": 3,
        "frontier_size": 1,
        "exact_count": 3,
        "matched_classes": [
          44
        ],
        "seen_exact_classes": [
          44
        ]
      },
      {
        "round": 4,
        "frontier_size": 1,
        "exact_count": 1,
        "matched_classes": [
          44
        ],
        "seen_exact_classes": [
          44
        ]
      }
    ]
  },
  "results": [
    {
      "indices": [
        0,
        1,
        2,
        5,
        7,
        8,
        14,
        18,
        19,
        20,
        21,
        26,
        28,
        29,
        32,
        33,
        37,
        38,
        41,
        43,
        46,
        47,
        49,
        51,
        52,
        53,
        57,
        59
      ],
      "cardinality": 28,
      "valid": true,
      "plane_eigenvalue": -8.914158300399322e-09,
      "normal": [
        -1.0083356548614233e-15,
        0.37796449661254883,
        -8.257284275045194e-16,
        0.37796449661254883,
        0.37796449661254883,
        1.2490010085824195e-15,
        5.551115652521375e-16,
        -8.118506396967049e-16,
        1.5265567912084883e-16,
        -0.37796449661254883,
        4.163336607042133e-16,
        -1.3045121598136773e-15,
        -0.37796449661254883,
        -7.424617006576326e-16,
        -8.604228970240555e-16,
        -4.996004140208796e-16,
        -0.37796449661254883,
        5.551115652521375e-16,
        3.3306693385732656e-16,
        1.020017509753481e-15,
        -1.1011130793983181e-15,
        0.37796449661254883,
        1.2836954781019557e-15,
        -1.4294122500840075e-15,
        2.7755578262606874e-16,
        -6.961662678925016e-16
      ],
      "offset": -0.3779645264148712,
      "support": {
        "positive": 0,
        "negative": 8,
        "closer_side": 0,
        "max_abs_distance": 3.0237159729003906
      },
      "validation_tier": "candidate_supporting_face",
      "tier": "exact_match",
      "matched_classes": [
        44
      ],
      "num_row_matches": 1,
      "recovered_integer_row": [
        1,
        0,
        -1,
        0,
        -1,
        -1,
        0,
        0,
        0,
        0,
        1,
        0,
        0,
        1,
        0,
        0,
        0,
        1,
        0,
        0,
        0,
        0,
        -1,
        0,
        0,
        0,
        0
      ],
      "canonical_integer_row": [
        1,
        -1,
        0,
        -1,
        0,
        -1,
        0,
        1,
        0,
        0,
        0,
        1,
        0,
        0,
        0,
        1,
        0,
        0,
        0,
        -1,
        0,
        0,
        0,
        0,
        0,
        0,
        0
      ],
      "canonical_key": "1,-1,0,-1,0,-1,0,1,0,0,0,1,0,0,0,1,0,0,0,-1,0,0,0,0,0,0,0",
      "orbit_size": 64,
      "orbit_unique_rows": 64,
      "direction_error": 2.607703019875521e-08,
      "max_ratio_error": 7.884952235581721e-08,
      "hard_energy": 0.0059327976778149605,
      "novelty_score": 0.2928248941898346,
      "round": 2,
      "parent_branch_id": 0
    },
    {
      "indices": [
        0,
        1,
        2,
        5,
        7,
        8,
        11,
        14,
        15,
        17,
        18,
        19,
        21,
        25,
        26,
        28,
        32,
        33,
        37,
        40,
        41,
        43,
        47,
        49,
        51,
        53,
        55,
        57,
        58
      ],
      "cardinality": 29,
      "valid": true,
      "plane_eigenvalue": -7.572198512661998e-08,
      "normal": [
        -0.37796449661254883,
        -1.4045577201304837e-10,
        2.081668336608291e-17,
        -0.37796449661254883,
        -1.4045553609065564e-10,
        0.37796449661254883,
        6.938894565651718e-17,
        0.37796449661254883,
        -1.5265567912084883e-16,
        1.4045570262410934e-10,
        1.3877789462175682e-17,
        -0.37796449661254883,
        1.4045568874632153e-10,
        3.122502587630498e-17,
        1.404558275241996e-10,
        1.4045559160180687e-10,
        9.71445212721461e-17,
        -0.37796449661254883,
        -1.942890425442922e-16,
        -8.326673346433164e-17,
        -1.4045554996844345e-10,
        1.3183899740912714e-16,
        8.326673346433164e-17,
        0.37796449661254883,
        -1.404556193573825e-10,
        1.404556609907459e-10
      ],
      "offset": 0.37796449661254883,
      "support": {
        "positive": 8,
        "negative": 0,
        "closer_side": 0,
        "max_abs_distance": 3.0237159729003906
      },
      "validation_tier": "candidate_supporting_face",
      "tier": "exact_match",
      "matched_classes": [
        44
      ],
      "num_row_matches": 1,
      "recovered_integer_row": [
        1,
        -1,
        0,
        0,
        -1,
        0,
        1,
        0,
        1,
        0,
        0,
        0,
        -1,
        0,
        0,
        0,
        0,
        0,
        -1,
        0,
        0,
        0,
        0,
        0,
        1,
        0,
        0
      ],
      "canonical_integer_row": [
        1,
        -1,
        0,
        -1,
        0,
        -1,
        0,
        1,
        0,
        0,
        0,
        1,
        0,
        0,
        0,
        1,
        0,
        0,
        0,
        -1,
        0,
        0,
        0,
        0,
        0,
        0,
        0
      ],
      "canonical_key": "1,-1,0,-1,0,-1,0,1,0,0,0,1,0,0,0,1,0,0,0,-1,0,0,0,0,0,0,0",
      "orbit_size": 64,
      "orbit_unique_rows": 64,
      "direction_error": 3.941526964811341e-10,
      "max_ratio_error": 0.0,
      "hard_energy": 24.61656951904297,
      "novelty_score": 0.292622447013855,
      "round": 3,
      "parent_branch_id": 1
    },
    {
      "indices": [
        0,
        1,
        2,
        3,
        7,
        8,
        11,
        13,
        14,
        18,
        19,
        21,
        23,
        26,
        28,
        29,
        32,
        34,
        36,
        37,
        38,
        41,
        43,
        47,
        49,
        51,
        52,
        53,
        57,
        63
      ],
      "cardinality": 30,
      "valid": true,
      "plane_eigenvalue": -2.3416186323288457e-08,