{
  "checkpoint": "src\\experiments\\322\\DIffUCO\\run_orbit_baseline_6\\geometric_diffuco_322.pt",
  "summary": {
    "raw_candidate_supporting_faces": 1,
    "filtered_candidate_supporting_faces": 1,
    "exact_matched_facets_after_filter": 1,
    "matched_classes_after_filter": [
      44
    ],
    "matched_class_hit_counter": {
      "44": 1
    },
    "canonical_orbit_count_after_filter": 1,
    "canonical_orbit_hit_counter": {
      "1,-1,0,-1,0,-1,0,1,0,0,0,1,0,0,0,1,0,0,0,-1,0,0,0,0,0,0,0": 1
    },
    "filtered_out_exact_matches": 0,
    "filter_classes": [],
    "unknown_cluster_count": 0
  },
  "filtered_out": [],
  "unknown_clusters": [],
  "results": [
    {
      "indices": [
        0,
        1,
        2,
        3,
        4,
        5,
        6,
        7,
        8,
        9,
        10,
        11,
        12,
        13,
        14,
        15,
        16,
        17,
        18,
        19,
        20,
        21,
        22,
        23,
        24,
        25,
        26,
        27,
        28,
        29,
        30,
        31,
        32,
        33,
        34,
        35,
        36,
        37,
        38,
        39,
        40,
        41,
        44,
        45,
        48,
        49,
        50,
        51,
        52,
        53,
        54,
        55,
        56,
        57,
        60,
        61
      ],
      "cardinality": 56,
      "valid": true,
      "plane_eigenvalue": -4.257518781969338e-09,
      "normal": [
        0.37796449661254883,
        1.1102231569740545e-16,
        0.37796449661254883,
        -2.463073872430979e-17,
        0.37796449661254883,
        -2.3868605940766708e-17,
        -0.37796449661254883,
        -4.300760489719202e-17,
        -1.8666951796259673e-17,
        -2.934365651261232e-17,
        -0.37796449661254883,
        -1.873740442339204e-17,
        -3.6065537928455036e-17,
        -2.9346101658503027e-17,
        -0.37796449661254883,
        -3.150415301092732e-17,
        -8.1428460210553e-17,
        -5.117323742801744e-17,
        0.37796449661254883,
        -6.133734824493832e-17,
        7.949165154784581e-18,
        -6.936060314000867e-17,
        -2.1060226845114448e-17,
        -3.1867219125389097e-17,
        -3.009119617578874e-17,
        -4.854142334283707e-17
      ],
      "offset": -0.3779645264148712,
      "support": {
        "positive": 0,
        "negative": 8,
        "closer_side": 0,
        "max_abs_distance": 3.0237159729003906
      },
      "validation_tier": "candidate_supporting_face",
      "tier": "exact_match",
      "matched_classes": [
        44
      ],
      "num_row_matches": 1,
      "recovered_integer_row": [
        1,
        -1,
        0,
        -1,
        0,
        -1,
        0,
        1,
        0,
        0,
        0,
        1,
        0,
        0,
        0,
        1,
        0,
        0,
        0,
        -1,
        0,
        0,
        0,
        0,
        0,
        0,
        0
      ],
      "canonical_integer_row": [
        1,
        -1,
        0,
        -1,
        0,
        -1,
        0,
        1,
        0,
        0,
        0,
        1,
        0,
        0,
        0,
        1,
        0,
        0,
        0,
        -1,
        0,
        0,
        0,
        0,
        0,
        0,
        0
      ],
      "canonical_key": "1,-1,0,-1,0,-1,0,1,0,0,0,1,0,0,0,1,0,0,0,-1,0,0,0,0,0,0,0",
      "orbit_size": 64,
      "orbit_unique_rows": 64,
      "direction_error": 2.6077030198754966e-08,
      "max_ratio_error": 7.884952235581721e-08,
      "is_new_class": true,
      "is_new_canonical": true
    }
  ]
}