{
  "checkpoint": "src\\experiments\\322\\FacetExpansionV1\\tmp_iter2_feature_novelty\\facet_expander_v1.pt",
  "summary": {
    "seed_index": 0,
    "seed_class_id": 1,
    "seed_example_id": 1,
    "seed_cardinality": 27,
    "rounds": 4,
    "num_candidates": 4,
    "exact_count": 4,
    "matched_classes": [
      44
    ],
    "canonical_count": 1,
    "round_summaries": [
      {
        "round": 1,
        "frontier_size": 1,
        "exact_count": 1,
        "matched_classes": [
          44
        ],
        "seen_exact_classes": [
          44
        ]
      },
      {
        "round": 2,
        "frontier_size": 1,
        "exact_count": 1,
        "matched_classes": [
          44
        ],
        "seen_exact_classes": [
          44
        ]
      },
      {
        "round": 3,
        "frontier_size": 1,
        "exact_count": 2,
        "matched_classes": [
          44
        ],
        "seen_exact_classes": [
          44
        ]
      },
      {
        "round": 4,
        "frontier_size": 1,
        "exact_count": 0,
        "matched_classes": [],
        "seen_exact_classes": [
          44
        ]
      }
    ]
  },
  "results": [
    {
      "indices": [
        0,
        1,
        5,
        7,
        8,
        9,
        10,
        13,
        14,
        15,
        18,
        19,
        20,
        21,
        23,
        24,
        25,
        28,
        29,
        32,
        33,
        38,
        39,
        41,
        46,
        47,
        50,
        51,
        52,
        57,
        60
      ],
      "cardinality": 31,
      "valid": true,
      "plane_eigenvalue": 8.514824401117949e-09,
      "normal": [
        -1.1579393683941965e-17,
        0.37796449661254883,
        0.37796449661254883,
        1.561251293815249e-17,
        0.37796449661254883,
        -6.245005175260996e-17,
        -2.220446313948109e-16,
        -3.8163919780212206e-17,
        -0.37796449661254883,
        -1.6653346692866328e-16,
        -2.0816683035210665e-16,
        -6.938894731087841e-18,
        -0.37796449661254883,
        1.3877789131303437e-16,
        -0.37796449661254883,
        -1.5265567912084883e-16,
        1.8041125473647774e-16,
        -2.7755578924351364e-17,
        -1.3877789462175682e-17,
        -6.938894565651718e-17,
        0.37796449661254883,
        1.3877789131303437e-16,
        1.170938429002406e-17,
        7.632783956042441e-17,
        -1.0928758560398375e-16,
        2.8189259793345565e-17
      ],
      "offset": -0.37796449661254883,
      "support": {
        "positive": 0,
        "negative": 8,
        "closer_side": 0,
        "max_abs_distance": 3.0237159729003906
      },
      "validation_tier": "candidate_supporting_face",
      "tier": "exact_match",
      "matched_classes": [
        44
      ],
      "num_row_matches": 1,
      "recovered_integer_row": [
        1,
        0,
        -1,
        -1,
        0,
        -1,
        0,
        0,
        0,
        1,
        0,
        0,
        0,
        1,
        0,
        1,
        0,
        0,
        0,
        0,
        0,
        -1,
        0,
        0,
        0,
        0,
        0
      ],
      "canonical_integer_row": [
        1,
        -1,
        0,
        -1,
        0,
        -1,
        0,
        1,
        0,
        0,
        0,
        1,
        0,
        0,
        0,
        1,
        0,
        0,
        0,
        -1,
        0,
        0,
        0,
        0,
        0,
        0,
        0
      ],
      "canonical_key": "1,-1,0,-1,0,-1,0,1,0,0,0,1,0,0,0,1,0,0,0,-1,0,0,0,0,0,0,0",
      "orbit_size": 64,
      "orbit_unique_rows": 64,
      "direction_error": 4.630092399283989e-16,
      "max_ratio_error": 0.0,
      "hard_energy": 0.0071853697299957275,
      "novelty_score": 0.29284772276878357,
      "round": 1,
      "parent_branch_id": 0
    },
    {
      "indices": [
        0,
        1,
        5,
        7,
        9,
        10,
        13,
        15,
        18,
        19,
        20,
        22,
        24,
        25,
        29,
        32,
        33,
        38,
        39,
        41,
        46,
        47,
        48,
        50,
        52,
        54,
        57,
        60
      ],
      "cardinality": 28,
      "valid": true,
      "plane_eigenvalue": -3.405986959137408e-08,
      "normal": [
        5.807361647911522e-15,
        -0.37796449661254883,
        -0.37796446681022644,
        2.1649348980190553e-15,
        -0.37796446681022644,
        7.494005416219807e-15,
        -2.9976021664879227e-15,
        -5.178149575790769e-16,
        0.37796449661254883,
        -4.0180532512312794e-15,
        5.551115123125783e-17,
        -2.0816681711721685e-15,
        0.37796449661254883,
        -6.354292092503044e-15,
        0.37796446681022644,
        -2.636779683484747e-16,
        4.163336342344337e-15,
        -2.4424906541753444e-15,
        6.938893903907228e-17,
        -6.328271240363392e-15,
        -0.37796446681022644,
        1.0241807402167069e-14,
        -2.9976021664879227e-15,
        7.407269242420966e-16,
        -5.551115123125783e-15,
        7.202571872255703e-15
      ],
      "offset": 0.37796449661254883,
      "support": {
        "positive": 8,
        "negative": 0,
        "closer_side": 0,
        "max_abs_distance": 3.0237159729003906
      },
      "validation_tier": "candidate_supporting_face",
      "tier": "exact_match",
      "matched_classes": [
        44
      ],
      "num_row_matches": 1,
      "recovered_integer_row": [
        1,
        0,
        -1,
        -1,
        0,
        -1,
        0,
        0,
        0,
        1,
        0,
        0,
        0,
        1,
        0,
        1,
        0,
        0,
        0,
        0,
        0,
        -1,
        0,
        0,
        0,
        0,
        0
      ],
      "canonical_integer_row": [
        1,
        -1,
        0,
        -1,
        0,
        -1,
        0,
        1,
        0,
        0,
        0,
        1,
        0,
        0,
        0,
        1,
        0,
        0,
        0,
        -1,
        0,
        0,
        0,
        0,
        0,
        0,
        0
      ],
      "canonical_key": "1,-1,0,-1,0,-1,0,1,0,0,0,1,0,0,0,1,0,0,0,-1,0,0,0,0,0,0,0",
      "orbit_size": 64,
      "orbit_unique_rows": 64,
      "direction_error": 3.942476586949279e-08,
      "max_ratio_error": 7.884952857306615e-08,
      "hard_energy": 0.019190948456525803,
      "novelty_score": 0.2927238643169403,
      "round": 2,
      "parent_branch_id": 1
    },
    {
      "indices": [
        0,
        1,
        2,
        5,
        6,
        7,
        9,
        10,
        12,
        13,
        15,
        16,
        17,
        18,
        19,
        20,
        22,
        24,
        25,
        28,
        29,
        32,
        33,
        37,
        38,
        39,
        46,
        47,
        48,
        50,
        52,
        57,
        60
      ],
      "cardinality": 33,
      "valid": true,
      "plane_eigenvalue": -2.2937177845960832e-07,