{
  "checkpoint": "src\\experiments\\322\\FacetExpansionV1\\tmp_iter1_sampled_novelty\\facet_expander_v1.pt",
  "summary": {
    "seed_index": 0,
    "seed_class_id": 1,
    "seed_example_id": 1,
    "seed_cardinality": 27,
    "rounds": 3,
    "num_candidates": 1,
    "exact_count": 1,
    "matched_classes": [
      44
    ],
    "canonical_count": 1,
    "round_summaries": [
      {
        "round": 1,
        "frontier_size": 1,
        "exact_count": 0,
        "matched_classes": [],
        "seen_exact_classes": []
      },
      {
        "round": 2,
        "frontier_size": 1,
        "exact_count": 1,
        "matched_classes": [
          44
        ],
        "seen_exact_classes": [
          44
        ]
      },
      {
        "round": 3,
        "frontier_size": 1,
        "exact_count": 0,
        "matched_classes": [],
        "seen_exact_classes": [
          44
        ]
      }
    ]
  },
  "results": [
    {
      "indices": [
        0,
        1,
        5,
        7,
        8,
        10,
        14,
        15,
        18,
        19,
        20,
        21,
        22,
        29,
        33,
        36,
        41,
        43,
        46,
        47,
        52,
        53,
        54,
        57,
        59,
        60
      ],
      "cardinality": 26,
      "valid": true,
      "plane_eigenvalue": 1.2346671951490862e-07,
      "normal": [
        -0.37796449661254883,
        2.886580075783644e-15,
        2.248201836624179e-15,
        0.37796449661254883,
        1.5126789769308942e-15,
        0.37796449661254883,
        1.2212454329667906e-15,
        -0.37796449661254883,
        -2.8727022879758294e-15,
        8.300652361944614e-16,
        -5.481726713482302e-16,
        -0.37796449661254883,
        -4.718448384052507e-16,
        1.9081960353327246e-15,
        -1.6375790672012243e-15,
        1.0547119792730171e-15,
        -1.9984016560835186e-15,
        0.37796449661254883,
        5.273559896365086e-16,
        1.3849520200782213e-15,
        3.361894308201289e-15,
        2.0539128073147764e-15,
        -4.0245587289639885e-16,
        -0.37796449661254883,
        -2.6645354708586125e-15,
        1.262878796390234e-15
      ],
      "offset": 0.37796449661254883,
      "support": {
        "positive": 8,
        "negative": 0,
        "closer_side": 0,
        "max_abs_distance": 3.0237159729003906
      },
      "validation_tier": "candidate_supporting_face",
      "tier": "exact_match",
      "matched_classes": [
        44
      ],
      "num_row_matches": 1,
      "recovered_integer_row": [
        1,
        -1,
        0,
        0,
        1,
        0,
        1,
        0,
        -1,
        0,
        0,
        0,
        -1,
        0,
        0,
        0,
        0,
        0,
        1,
        0,
        0,
        0,
        0,
        0,
        -1,
        0,
        0
      ],
      "canonical_integer_row": [
        1,
        -1,
        0,
        -1,
        0,
        -1,
        0,
        1,
        0,
        0,
        0,
        1,
        0,
        0,
        0,
        1,
        0,
        0,
        0,
        -1,
        0,
        0,
        0,
        0,
        0,
        0,
        0
      ],
      "canonical_key": "1,-1,0,-1,0,-1,0,1,0,0,0,1,0,0,0,1,0,0,0,-1,0,0,0,0,0,0,0",
      "orbit_size": 64,
      "orbit_unique_rows": 64,
      "direction_error": 7.520261177691975e-15,
      "max_ratio_error": 0.0,
      "hard_energy": 0.027031999081373215,
      "novelty_score": 0.3701026439666748,
      "round": 2,
      "parent_branch_id": 0
    }
  ]
}