{
  "checkpoint": "src\\experiments\\322\\FacetExpansionV1\\run_prefern_repeatcap_10\\facet_expander_v1.pt",
  "summary": {
    "seed_index": 3,
    "seed_class_id": 2,
    "seed_example_id": 1,
    "seed_cardinality": 29,
    "rounds": 4,
    "num_candidates": 4,
    "exact_count": 4,
    "matched_classes": [
      2,
      44
    ],
    "canonical_count": 2,
    "round_summaries": [
      {
        "round": 1,
        "frontier_size": 1,
        "exact_count": 1,
        "matched_classes": [
          2
        ],
        "seen_exact_classes": [
          2
        ]
      },
      {
        "round": 2,
        "frontier_size": 1,
        "exact_count": 1,
        "matched_classes": [
          2
        ],
        "seen_exact_classes": [
          2
        ]
      },
      {
        "round": 3,
        "frontier_size": 1,
        "exact_count": 1,
        "matched_classes": [
          2
        ],
        "seen_exact_classes": [
          2
        ]
      },
      {
        "round": 4,
        "frontier_size": 1,
        "exact_count": 1,
        "matched_classes": [
          44
        ],
        "seen_exact_classes": [
          2,
          44
        ]
      }
    ]
  },
  "results": [
    {
      "indices": [
        0,
        1,
        2,
        3,
        4,
        5,
        8,
        10,
        12,
        16,
        17,
        21,
        23,
        24,
        26,
        30,
        31,
        34,
        35,
        36,
        38,
        41,
        44,
        45,
        54,
        55,
        57,
        61,
        63
      ],
      "cardinality": 29,
      "valid": true,
      "plane_eigenvalue": -1.3522886810335422e-08,
      "normal": [
        -0.20000000298023224,
        -9.159339953157541e-16,
        -0.20000000298023224,
        1.5265566588595902e-16,
        -0.20000000298023224,
        -7.91033905045424e-16,
        -9.020562075079397e-16,
        -0.20000000298023224,
        -0.20000000298023224,
        -0.20000000298023224,
        -1.3877787807814457e-17,
        -0.20000000298023224,
        -0.20000000298023224,
        -0.20000000298023224,
        0.20000000298023224,
        6.38378239159465e-16,
        -7.771561172376096e-16,
        -5.967448757360216e-16,
        -0.4000000059604645,
        -7.806255641895632e-17,
        0.20000000298023224,
        0.4000000059604645,
        0.4000000059604645,
        -0.20000000298023224,
        -2.5500435096859064e-16,
        0.20000000298023224
      ],
      "offset": 1.0,
      "support": {
        "positive": 35,
        "negative": 0,
        "closer_side": 0,
        "max_abs_distance": 3.200000047683716
      },
      "validation_tier": "candidate_supporting_face",
      "tier": "exact_match",
      "matched_classes": [
        2
      ],
      "num_row_matches": 1,
      "recovered_integer_row": [
        5,
        -1,
        0,
        -1,
        0,
        -1,
        0,
        0,
        -1,
        -1,
        -1,
        0,
        -1,
        -1,
        -1,
        1,
        0,
        0,
        0,
        -2,
        0,
        1,
        2,
        2,
        -1,
        0,
        1
      ],
      "canonical_integer_row": [
        5,
        -1,
        0,
        -1,
        0,
        -1,
        0,
        0,
        -1,
        -1,
        -1,
        0,
        -1,
        -1,
        -1,
        1,
        0,
        0,
        0,
        -2,
        0,
        1,
        2,
        2,
        -1,
        0,
        1
      ],
      "canonical_key": "5,-1,0,-1,0,-1,0,0,-1,-1,-1,0,-1,-1,-1,1,0,0,0,-2,0,1,2,2,-1,0,1",
      "orbit_size": 3072,
      "orbit_unique_rows": 3072,
      "direction_error": 7.450580508665008e-09,
      "max_ratio_error": 5.960464455334602e-09,
      "hard_energy": 0.008844401687383652,
      "novelty_score": 0.5222920775413513,
      "round": 1,
      "parent_branch_id": 0
    },
    {
      "indices": [
        0,
        1,
        2,
        3,
        4,
        5,
        8,
        10,
        12,
        16,
        17,
        21,
        23,
        24,
        26,
        30,
        31,
        34,
        35,
        36,
        38,
        41,
        44,
        45,
        54,
        55,
        57,
        61,
        63
      ],
      "cardinality": 29,
      "valid": true,
      "plane_eigenvalue": -1.3522886810335422e-08,
      "normal": [
        -0.20000000298023224,
        -9.159339953157541e-16,
        -0.20000000298023224,
        1.5265566588595902e-16,
        -0.20000000298023224,
        -7.91033905045424e-16,
        -9.020562075079397e-16,
        -0.20000000298023224,
        -0.20000000298023224,
        -0.20000000298023224,
        -1.3877787807814457e-17,
        -0.20000000298023224,
        -0.20000000298023224,
        -0.20000000298023224,
        0.20000000298023224,
        6.38378239159465e-16,
        -7.771561172376096e-16,
        -5.967448757360216e-16,
        -0.4000000059604645,
        -7.806255641895632e-17,
        0.20000000298023224,
        0.4000000059604645,
        0.4000000059604645,
        -0.20000000298023224,
        -2.5500435096859064e-16,
        0.20000000298023224
      ],
      "offset": 1.0,
      "support": {
        "positive": 35,
        "negative": 0,
        "closer_side": 0,
        "max_abs_distance": 3.200000047683716
      },
      "validation_tier": "candidate_supporting_face",
      "tier": "exact_match",
      "matched_classes": [
        2
      ],
      "num_row_matches": 1,
      "recovered_integer_row": [
        5,
        -1,
        0,
        -1,
        0,
        -1,
        0,
        0,
        -1,
        -1,
        -1,
        0,
        -1,
        -1,
        -1,
        1,
        0,
        0,
        0,
        -2,
        0,
        1,
        2,
        2,
        -1,
        0,
        1
      ],
      "canonical_integer_row": [
        5,
        -1,
        0,
        -1,
        0,
        -1,
        0,
        0,
        -1,
        -1,
        -1,
        0,
        -1,
        -1,
        -1,
        1,
        0,
        0,
        0,
        -2,
        0,
        1,
        2,
        2,
        -1,
        0,
        1
      ],
      "canonical_key": "5,-1,0,-1,0,-1,0,0,-1,-1,-1,0,-1,-1,-1,1,0,0,0,-2,0,1,2,2,-1,0,1",
      "orbit_size": 3072,
      "orbit_unique_rows": 3072,
      "direction_error": 7.450580508665008e-09,
      "max_ratio_error": 5.960464455334602e-09,
      "hard_energy": 0.008844401687383652,
      "novelty_score": 0.5223478674888611,
      "round": 2,
      "parent_branch_id": 1
    },
    {
      "indices": [
        0,
        1,
        2,
        3,
        4,
        5,
        8,
        10,
        12,
        16,
        17,
        21,
        23,
        24,
        26,
        30,
        31,
        34,
        35,
        36,
        38,
        41,
        44,
        45,
        54,
        55,
        57,
        61,
        63
      ],
      "cardinality": 29,
      "valid": true,
      "plane_eigenvalue": -1.3522886810335422e-08,