{
  "checkpoint": "src\\experiments\\322\\DIffUCO\\run_cpu_probe_soft_ratio_30\\geometric_diffuco_322.pt",
  "summary": {
    "raw_candidate_supporting_faces": 1,
    "filtered_candidate_supporting_faces": 1,
    "exact_matched_facets_after_filter": 1,
    "matched_classes_after_filter": [
      44
    ],
    "filtered_out_exact_matches": 0,
    "filter_classes": [],
    "unknown_cluster_count": 0
  },
  "filtered_out": [],
  "unknown_clusters": [],
  "results": [
    {
      "indices": [
        2,
        3,
        6,
        7,
        8,
        9,
        10,
        11,
        12,
        13,
        14,
        15,
        18,
        19,
        22,
        23,
        24,
        25,
        29,
        31,
        32,
        33,
        36,
        40,
        57,
        58,
        59,
        60,
        61,
        62,
        63
      ],
      "cardinality": 31,
      "valid": true,
      "plane_eigenvalue": -6.286493459128906e-08,
      "normal": [
        0.0,
        -0.37796449661254883,
        0.37796449661254883,
        -1.0061396822409971e-16,
        0.37796449661254883,
        3.2612803995341934e-16,
        1.6653346692866328e-16,
        1.5612512607280244e-16,
        -0.37796449661254883,
        7.632783956042441e-17,
        -1.056548737388141e-09,
        -2.21827777725424e-16,
        -0.37796449661254883,
        2.498002070104398e-16,
        0.37796449661254883,
        2.3245297225067175e-16,
        -6.266689218710706e-17,
        -5.551115784870273e-17,
        -1.0565486263658386e-09,
        3.8163919780212206e-17,
        -0.37796449661254883,
        8.326673346433164e-17,
        -3.0878080519365126e-16,
        2.5326965396239344e-16,
        -1.706534351841082e-16,
        -9.71445212721461e-17
      ],
      "offset": 0.37796449661254883,
      "support": {
        "positive": 8,
        "negative": 0,
        "closer_side": 0,
        "max_abs_distance": 3.0237159729003906
      },
      "validation_tier": "candidate_supporting_face",
      "tier": "exact_match",
      "matched_classes": [
        44
      ],
      "num_row_matches": 1,
      "recovered_integer_row": [
        1,
        0,
        -1,
        1,
        0,
        1,
        0,
        0,
        0,
        -1,
        0,
        0,
        0,
        -1,
        0,
        1,
        0,
        0,
        0,
        0,
        0,
        -1,
        0,
        0,
        0,
        0,
        0
      ],
      "direction_error": 1.3976824428567818e-09,
      "max_ratio_error": 0.0,
      "is_new_class": false
    }
  ]
}