{
  "checkpoint": "src\\experiments\\322\\DIffUCO\\outputs_smoke_v2\\geometric_diffuco_322.pt",
  "num_unique_facets": 1,
  "results": [
    {
      "indices": [
        0,
        1,
        2,
        3,
        4,
        5,
        6,
        7,
        8,
        9,
        10,
        11,
        12,
        13,
        14,
        15,
        16,
        17,
        18,
        19,
        21,
        23,
        24,
        25,
        26,
        27,
        29,
        31,
        32,
        33,
        34,
        35,
        36,
        37,
        38,
        39,
        40,
        41,
        42,
        43,
        44,
        45,
        46,
        47,
        48,
        49,
        50,
        51,
        53,
        55,
        56,
        57,
        58,
        59,
        61,
        63
      ],
      "cardinality": 56,
      "valid": true,
      "plane_eigenvalue": 4.257471264423884e-09,
      "normal": [
        -2.309112523454801e-18,
        0.37796449661254883,
        -5.886967657179053e-17,
        0.37796449661254883,
        -4.238980024128841e-17,
        -0.37796449661254883,
        8.716986128527946e-17,
        0.0,
        5.78989106397881e-17,
        -0.37796449661254883,
        6.16318841000113e-17,
        -2.7755578924351364e-17,
        -5.093243439835529e-18,
        0.37796449661254883,
        -1.1901153086949832e-18,
        -8.237430153633798e-18,
        5.648944781555694e-17,
        0.37796449661254883,
        -8.869276034999368e-17,
        -3.0246735909450763e-17,
        2.027709029145742e-17,
        8.698690258226283e-19,
        -2.352468078567941e-17,
        2.7755578924351364e-17,
        -1.0297414281356256e-17,
        -0.37796449661254883
      ],
      "offset": -0.3779645264148712,
      "support": {
        "positive": 0,
        "negative": 8,
        "closer_side": 0,
        "max_abs_distance": 3.0237159729003906
      }
    }
  ]
}